provider,path
sapporo-shi,advice-cases
sapporo-shi,closed-facilities
sapporo-shi,event-schedules
sapporo-shi,management-consulting-cases
sapporo-shi,patients
sapporo-shi,patients-subtotal
sapporo-shi,patients-summary
sapporo-shi,quarantine-center-cases
sapporo-shi,subsidies
aizuwakamatsu-shi,aizu-nonbee
aizuwakamatsu-shi,sos-notices
aizuwakamatsu-shi,subsidies
aizuwakamatsu-shi,subsidy-details
gunma-ken,advice-cases
gunma-ken,patients
tokyo-to,advice-center-cases
tokyo-to,call-center-cases
kanagawa-ken,patients
yokohama-shi,call-center-cases
yokohama-shi,patients
yokohama-shi,quarantine-center-cases
fukui-ken,call-center-cases
fukui-ken,hospitalization-cases
fukui-ken,patients
fukui-ken,test-cases
mie-ken,patients
mie-ken,quarantine-center-cases
mie-ken,test-cases
kobe-shi,patients
kobe-shi,pedestrian-flows
kobe-shi,sanroku-bypass-traffic
kobe-shi,subway-passengers
kobe-shi,test-cases
fukuoka-shi,contact-dial-cases
fukuoka-shi,patients
fukuoka-shi,patients-summary
fukuoka-shi,quarantine-center-cases
fukuoka-shi,test-cases
