category,name,title,service,sales_method,message,place,tel,fax,website,latitude,longitude
飲食,元祖ほるもん道場 会津清水通り店,レディース・デー開催！【一般消費者向け】,"１０月、１１月の第１と第３水曜日は、女性グループ２時間限定で、アルコール類を一杯２９円でご奉仕させて頂きます。
※アルコールで一部対象外の商品もございます。
米沢牛ホルモン、牛肉、豚肉、鶏肉、馬肉、ラム、ワニ、その他","■営業時間/17：00～24：00
■定休日/無休",今回は１０月、１１月でレディース・デーを開催致します。今後も定期的に開催して行く予定ですので、ご注目下さい。また、桜（馬肉）フェアも現在開催中で、複数部位の馬肉も楽しめますので、是非この機会にお越し下さい。これからも各種フェアを企画して参りますので宜しくお願い致します。,福島県会津若松市栄町4-28,0242-24-9484,0242-23-7929,,37.496751,139.930985
飲食,AdoriA 北出丸カフェ,お得なランチメニューとテイクアウトのお知らせ【一般消費者向け】,"ランチメニュー ※メニューは定期的に替わります
①パスタランチセット 1,300円
　ソースは定期的に変更になります。店内メニュー表をご覧ください。
②オムライスランチセット 1,300円
　熱々とろとろのたまごにデミグラスソースが相性バツグンの一品です。
③グリーンカレーランチセット 1,300円
　タイの唐辛子「プリッキーヌ」の爽やかな辛さとココナッツがベストマッチです。
④ガパオライスランチセット 1,300円
　ホーリーバジル香る挽肉に、半熟目玉焼きを混ぜてお召し上がりください。
⑤三元豚のロースステーキランチセット 1,500円
　甘くて柔らかい豚ロースを特製赤ワインソースでお召し上がりください。
⑥国産黒毛和牛ビーフシチューランチセット 1,600円
　口の中でとろける程煮込んだアドリア名物の一品です。","ランチタイム 火曜日～日曜日 11時～14時
テイクアウト販売方法 販売時間 10：30～14：00 ※その他の時間は要相談
当日のご予約は10：30までお願いします。配達は行っておりません。",木の温もりを感じる店内、四季折々が楽しめるテラス席で優雅なひと時をお過ごしください。　各種宴会、会合等も承っております。お気軽にお問合せ下さい。,福島県会津若松市追手町4-28 周遊バス「あかべえ・ハイカラさん」鶴ケ城入口下車すぐ,0242-27-3600,0242-27-3700,https://www.adoken.co.jp/cafe/,37.489896,139.931079
飲食,株式会社 鶴我,会津産・国産馬肉の赤身を使った「馬肉弁当」【一般消費者向け】,"低カロリー、低コレステロール、高タンパク。女性のダイエット食・アスリート食として人気の馬肉。会津の名物弁当として馬肉弁当3種類が誕生しました。8種類の馬肉料理が楽しめる「馬力弁当」税込み1,500円。会津の郷土料理と馬肉料理が楽しめる「会津の馬い弁当」税込み1,500円。会津馬肉（さくら肉）の「桜すき焼き弁当」税込み1,000円。
テイクアウト、デリバリーもやっています。","3日前までに、鶴我会津本店、電話、ファックス、またはメールで申し込みしてください。5,000円以上ののご注文で会津若松市内エリア（一部エリア除きます）配達いたします。テイクアウトは、2個以上のご注文でお願いいたします。",ぜひ、会津の新名物弁当、「会津馬肉弁当」をご注文ください。女性のダイエット食・アスリート食として人気の馬肉弁当を食べて、免疫力、体力をつけてコロナウイルスをやつけましょう。テイクアウト・デリバリー対応しています。,福島県会津若松市東山町大字石山字院内151,0242-29-4829,0242-23-9353,https://turuga829.com/,37.484539,139.952736
飲食,インド料理レストラン カーンナワブ,インドカレーのお弁当始めました【一般消費者用】,"・タンドリーチキンカレーセット １,０５０円（税込）【画像のもの】
・チーズナンカレーセット １,０５０円（税込）
・カレーセット ７００円（税込）
・ごはんカレーセット ５００円（税込）
また、ランチをお店で食べる方は、ナンとライスおかわりできます！！
ランチは、土日もやってます。","【お弁当注文時間】１１時から１９時
【ランチ】１１時から１４時３０分
【ディナー】１７時より
【定休日】月曜日","会津弁ペラペラのコックさんのチーズナンが最高です。
タンドリーチキンとインドビールも最高の味です。",福島県会津若松市栄町1-41番,050-1133-5636,050-1133-5636,,37.495502,139.929812
飲食,会津若松ワシントンホテル ガスライト,お得なガスライトディナーセット【一般消費者向け】,"～お得なガスライトディナーセット～
ガスライトステーキセット200ｇ
平日価格￥1500 土日・祝日￥2000 税別・サービス料込","店舗販売
営業時間17:30～23:00（ラストオーダー22:30）","12月よりリニューアルしたガスライトでステーキをご賞味下さい。
市街地の夜景を一望できる最高のシチュエーションでスタッフ一同皆様のご来店をお待ちしております。",福島県会津若松市白虎町201 会津若松ワシントンホテル10階,0242-22-6130,0242-32-6110,,37.506895,139.933666
飲食,會津バル,テイクアウトメニューのご案内【一般消費者用、業務用】,"1.オードブル　￥3,000(税込)
2.ビーフシチュー　￥880(税込)
3.アクアパッツァ　￥780(税込)
4.エンパナーダ各種　￥280(税込）
5.バスクチーズケーキ　￥380(税込）
その他ご予算に応じた内容にも対応致します。","店舗販売11:30-21:30
事前にご連絡下さい(当日でも可)
会計金額￥3,000以上で近隣へお届け致します。","当店の味をより多くの方に知って頂きたくテイクアウトを始めました。
以前からお店の前を通り気になっていた皆さま、今は外食を控えている皆さま、この機会にテイクアウトをお試しになりませんか？
ご予約お待ちしております。",福島県会津若松市大町1丁目9-5 石川ビル1階,0242-36-7257,0242-36-7258,https://www.facebook.com/aizubaru/,37.498706,139.928068
飲食,富幸,＼テイクアウトはじめました／【一般消費者向け】,"・日替わり晩酌セット　￥1,000（１日限定１０食・要予約）
・オードブルもご要望により承ります
・通常メニューのテイクアウトも大歓迎
長らく臨時休業をしておりましたが、６月１日より新型コロナウィルス染症対策を万全に期して店舗営業も行っております。","【テイクアウト可能な日】
　月～木曜日
　※ただしご要望がございましたら、金・土曜日もお作りすることも可能です。
【営業日】
　月～土曜日

【定休日】
　日曜日・祝日

【営業時間】
　１７時～２２時（料理ラストオーダーは２１時）

【テイクアウト販売方法】
　お受け取り希望の前日２２時までにご予約
　当日店舗販売","営業自粛要請を受け、約1ヶ月間休業をしておりましたが、この度、新型コロナウィルス感染対策を徹底したうえで営業を再開することとなりました。
テイクアウトも [ 要予約 ・ 限定１０食 ] で行っております！
内容は日替わりですので、お問い合わせください。
ぜひ、お試しくださいませ (*^^*)
※仕入れ状況によりメニューの変更もございます。",福島県会津若松市東栄町6-8,0242-27-9690・090-8423-7272,,,37.494424,139.93133
飲食,会津迎賓館 寿し万,会津の味の「にしんの笹寿し」の特別販売【一般消費者向け】,"今まで１０ヶ入れと２０ヶ入れしかなかったのですが、５ヶ入れを追加しました。
より多くの方に少しずつでも味わっていただきたいと思います。","５ヶ、１０ヶ、２０ヶ入れとお好みの数によってパッケージにして、冷蔵宅配にて、当日作って、当日発送します。
宅配注文は前日まで。
お店のテイクアウトは、店の状況により、２０分～３０分くらいお待たせします。",新型コロナ感染拡大対策のため、外出自粛のため、都会から来る人、田舎から都会に出られない人は、春の一番良い季節に、故郷の味を味わっていただきたいと思います。,福島県会津若松市駅前町6-25,0242-25-3311,0242-32-2280,http://www.aidugeihinkan.co.jp/,37.5064203,139.9312383
飲食,ダイニングバー Ortensia -オルテンシア-,テイクアウト始めました！！【一般消費者向け】,"・カプリチョーザピザ M/\900 L/\1,150
・クワトロフォルマッジ M/\1,050 L/\1,300
・エビとイカとネギのクリームソースピザ M/\1,000 L/\1,250
・彩り野菜のサラダ(ドレッシング付き) \800
・ポテトフライ ～トリュフマヨ添え～ \500
・ライスコロッケ(3コ) \700
※価格は税込価格です。","・受取時間 17:30～19:30
※お持ち帰りのみ(デリバリーは不可)
事前にお電話にてご注文ください
毎週(月) 定休日","この度新型コロナウイルスの感染拡大に伴い、期間限定でテイクアウトを始めさせていただくこととなりました。
当店ではお受け取り時間に合わせて焼きたて・揚げたてでご用意させていただきますので、ご家庭に居ながらOrtensia店内でお出しする同じお料理をお楽しみ頂けます。
是非この機会にOrtnsiaをご利用ください。お電話お待ち致しております。",福島県会津若松市行仁町2-35-2F,0242-22-6668,,https://www.ortensia-aizu.com/,37.496603,139.935784
飲食,会席料理・郷土料理　鶴ヶ岡茶寮,日本料理屋のごちそう弁当始めます！！【一般消費者と業務用】,"お持ち帰り弁当を2種類ご用意致しました。
※折詰弁当2種と天丼は6月いっぱいで終了いたしました。
◆煮込みソースカツ丼 950円
◆オムライス 800円
（※価格は全て税込み）","基本、前日までの電話予約で当日、店頭にてお渡しとなります。
店舗販売［１１：３０～１８：００］まで
※ただし、夕方の受け渡しであれば、当日の電話予約も可能です。お問い合わせください！！
（月曜定休日）","お城の北出丸入口近く、茅葺（かやぶき）の門が目印のお食事処です。
お店の味をご自宅にお持ち帰りできるテイクアウトを是非ご利用下さい。
　※折詰弁当は、仕入れによって中身が変わります。
　※ご予算・内容等のご希望もお伺い致します。
　※ご慶弔時のお膳など、ご予算に応じてお作り出来ます。
　※まとまった数のご注文であれば、配達も致します。
また、店舗も営業しておりますので、どうぞ宜しくお願い致します。",福島県会津若松市東栄町8-47,0242-26-6052,0242-26-6052,,37.4916621,139.9315647
飲食,やきとり家すみれ　会津若松店,ご自宅でも笑顔に!(^^)!すみれのテイクアウトのご案内【一般消費者向け】,"・お弁当(税込）
　焼き鳥丼 750円　から揚げ丼・チキン南蛮丼 650円
　スーパーデラックス弁当 1000円
・オードブル2種（税込） 2500円
その他,単品での焼き鳥やから揚げのテイクアウトも承っておりますので
是非、ご家庭や職場ですみれ自慢の大山どりを味わってください。
※10個以上のご注文で近隣のみお届けに上がります
（前日18：30までのご予約をお願いします,尚スタッフまでお問い合わせください）","テイクアウト受付時間　10：00より(前日の予約も承っております　20：00まで）
お受け取り時間　11：30より当店にて22：00まで
※定休日無し
※最終受付時間　20：00
※ご希望の受渡し時間の30分前までのご注文をお願い致します
※ピークタイムにはさらにお時間を頂く場合もございます","お出かけできる機会も減り、ご家庭でのお食事の機会が今まで以上に増えているものと思います。お子様や、ご家庭でのサポートができたらと思い、焼き鳥やから揚げ、お弁当の「テイクアウト」をお昼より販売する事に致しました。
お電話でのご予約も承っておりますのでご家族へのお土産にもおススメです。",福島県会津若松市東千石2丁目2-1,0242-23-7421,0242-23-7422,https://y-smile.co.jp/,37.497705,139.944063
飲食,日本料理 生粋,生粋特製弁当、竜田揚げ、チーズケーキなどテイクアウトできます！【一般消費者向け】,"【メニュー】
・お弁当（写真のもの）：1,200円
・チーズケーキ（4個）：600円
・若鶏竜田揚げ：800円
・ヒレカツ（3枚）：800円
・天ぷら盛り合わせ：900円
・せいろ飯：950円 ※かに、ホタテ、しめじの3種類から選べます。
・卵焼き：400円
お値段が変わりますが、お刺身が入ったお弁当のご用意もございます。
（お刺身入りのお弁当の場合、容器返却の必要あり）
詳しくは担当宛にお気軽にご連絡くださいませ。","■販売方法
　店舗販売（予約制）
■営業時間
　11:00～14:00、17:00～20:00（LO19：30）
■休業日
　不定休
■注文方法
　電話、来店予約
■備考
　事前のご予約をお願いしておりますが、お料理によっては当日のご用意も承れます。","生粋では、お弁当やおかず、デザートなどのテイクアウトを行っております。
外食に行くことが難しい今、日々のお食事の楽しみにご利用いただけましたら幸いです。",福島県会津若松市東栄町11-3,0242-26-3300,0242-26-9089,https://aizu-kissui.jp/,37.49428,139.93317
飲食,空山ＮＥＯ 七日町店,テイクアウトらーめん 全種類出来ます！,テイクアウトらーめん始めました。全種類対応可能です。,営業時間内にお越しいただき、ご注文をお受けしてから作ります。手ぶらOK！自粛期間は営業時間が２０：００までとなっておりますので、ご注意ください。,店のそのままの味をご家庭でお楽しみください。,福島県会津若松市七日町9-7,0242-22-7272,0242-22-7272,https://peraichi.com/landing_pages/view/kuzan,37.499619,139.924488
飲食,来夢 門田店,テイクアウト始めました！！【一般消費者向け】,"ラーメン、餃子、丼物、チャーハンなど
テイクアウトできるメニューが増えました！
ラーメンは２０種類の中から選べます。","11時から21時までの販売になります。
7月からは、11時から23時45分までになります！！",自宅で来夢のらーめん、いかがですか？,福島県会津若松市門田町新寺村西865-1,0242-29-0455,0242-29-0455,http://www.umai-kitakata.co.jp/gokateide.html,37.47953,139.90224
飲食,鍋と焼き肉だるま,だるまの味をご家庭で！【一般消費者向け】,"ランチメニューで人気のセットをお弁当にいたしました。
このほか「だるま」といえば人気のお鍋「和牛ホルモン鍋（和風）」をご家庭で楽しんで頂けるよう、お持ち帰りセットをご用意いたしました。
だるま弁当1000円／しょうが焼き弁当880円／黒豚カルビ弁当880円／
牛丼700円／和牛ホルモン鍋セット2000円　（すべて税込）",火曜定休　昼のお弁当は、金～日のみ販売しています,是非ご連絡お待ちしております。2個以上ですと、会津若松市内に限りお届けいたします！火曜は定休日です。ご注文は月曜までにお願いします。,福島県会津若松市七日町1-16,0242-27-1129,0242-27-1129,https://aizu-darumaen.jp/,37.499353,139.924348
飲食,串焼き居酒屋 会津豚とん拍子,炭火焼きやきとりテイクアウト出来ます。【一般消費者向け】,"焼きとり（若鶏、つくね、なんこつなど） 1本～￥170～
やきとん（かしら、ハラミ、レバーなど） 1本～￥170～
鶏唐揚げ ￥580-　ポテトフライ ￥370-
豚とん餃子（5個入） ￥480-　ナポリタン ￥700-
その他にも、お持ち帰りメニューございます。","店頭販売になります。事前にお電話頂ければお渡しがスムーズになります。
受付時間 16：30～（日曜定休日）
17：00よりお渡し出来ます。","日頃より、ご利用頂きまして、誠にありがとうございます。
緊急事態宣言の中、少しでも外食の気分を楽しんで頂ければと思い、当店もテイクアウトを始めさせて頂いております。
串焼きがメインですが、唐揚げや玉子焼き、焼きおにぎりなど食事、夕食のおかずにピッタリのメニューもございますので、お電話お待ちしております。
なお、インスタグラムでも、メニュー紹介をしておりますので、tonton_aizuで検索お願い致します。",福島県会津若松市大町1-8-5 カネマンビル1F,0242-37-0888,,,37.49941,139.92829
飲食,有限会社 芳登里,芳登里特製弁当・折り詰め【一般消費者向け】,"ソースかつ丼 1,000円
ソース煮込みかつ丼 1,000円
鶏の唐揚げ定食 850円
とんかつ定食 1,000円
カレイの煮付定食 1,000円
鯖の塩焼き定食 850円
しょうゆラーメン 650円
しおラーメン 780円
みそラーメン 750円
つけ麺 850円
ざるらーめん 850円

（※価格はすべて税込み）","配達も承ります。配達地域は近隣のみ、\2,000からとさせていただきます。その他地域につきましてはご相談ください。テイクアウトに来ていただいた場合は10％割引させていただきます。受付時間　11:00～18:00　※混雑した場合ご希望の時間を調整させていただくこともあります。また、テイクアウトにつきましては4月22日より始めたいと思います。",新型コロナウィルス感染症拡大防止の為、しばらくランチのご来店をお休みしておりましたが、この度ランチを再開いたしました！！ぜひご来店ください。テイクアウトとランチ弁当の方もまだ継続しておりますので、そちらもぜひご利用ください！詳細などにつきましてはお気軽にご相談ください。よろしくお願いします。,福島県会津若松市門田町大字中野字大道東12-1,0242-26-0426,0242-26-0601,,37.4654035,139.9226765
飲食,居酒屋 舞酒,テイクアウトで皆さんの顔が見たい！！【一般消費者用と業務用】,"1.晩酌セット、もつ煮付 ￥1,000（税込）全9品【画像】
2.舞酒オードブル \2,500（税込）3人前～
3.会津地鶏串セット（6本）￥1,600（税込） 塩 or タレ
4.会津ソールフード！スープ用カレー焼そば ￥850（税込）","1時間前までに電話予約になり、店舗にて受け取りになります！
予約受付時間は、16：00～20：00になります！
テイクアウト受付も店舗同様、不定休になりますので、宜しくお願い致します。","福島県にも緊急事態宣言により、自粛ムードの中、御客様に会えず寂しくなってしまい、テイクアウトを始めました！
どうぞ御利用下さい！",福島県会津若松市上町1-19,0242-24-6420,0242-85-6246,http://www.maizaka.jp/,37.4969417,139.933676
飲食,手打ちそば・うどん 徳一,お持ち帰り「天せいろ」「天重」を特別価格でご提供！【一般消費者向け】,"当店人気メニューをお持ち帰り限定で特別価格にてご提供します。店内価格1,300円の「天せいろ（そば・うどん）」を1,000円、同じく1,350円の「天重」を1,000円でお召し上がりください。","・ご予約は前日の午後3時まで電話・FAXでお申込みください（月曜定休、木曜夜休業中）。
・当日のお引き取り時間もご指定ください。",当店は「心を込め、願いを込め」をモットーとし、お客様へのサービスに努めています。お蕎麦のテイクアウトは珍しいと思います。また天重も海老や季節の会津野菜たっぷりの自慢の逸品です。ぜひご家族で、職場で味わってください。,福島県会津若松市東千石1-5-17,0242-28-5681,0242-28-5681,http://www.aizu-tokuichi.com/,37.4966203,139.9468973
飲食,家族食堂翔屋,お弁当、おかず【一般消費者向け】,"トン唐弁当５００円（税込）【写真の上】
ナポ唐弁当８８０円（税込）【写真の下】
その他、一品料理のテイクアウト商品取りそろえております。
ご飯付きの定食についてはご相談ください。",店舗販売 営業時間（昼11：00～13：30 / 夜17：00～19：00）水曜定休日,"ワンコイン弁当受付中！！
お弁当の他、テイクアウトサービス受付けております。
前々日の予約までとなります。
ご相談下さい。宜しくお願いします。",福島県会津若松市表町1-31 リバティヒルズ104号,0242-36-7445,0242-36-7445,,37.481778,139.9270069
飲食,あいづ浪漫亭しおぐら,免疫力向上！ありがとうのおべんとう＆店内ランチの方コーヒーサービス【一般消費者向け】,"◎日替わりのお弁当 600円（税込）
　栄養のバランスを考えたヘルシーなお弁当です。
　糖質制限の方には玄米ご飯に変更も可能です。（数量限定）
◎ランチ 999円（税込）
　ご利用の方に、ホットコーヒーまたは紅茶サービス","□事前予約
　前日18:00まで（変更は当日朝9:30まで）水曜定休
　10個以上の場合は、3日前までにお願いいたします。
□お渡し
　店舗店頭 11:30～14:00 ※配達は10以上の場合要相談","免疫力をアップさせて、ウイルスにかかりにくい身体づくりを応援します。
・店内でのランチやコーヒーブレイク、充電しながらのPC作業も可能です。お席の感覚を広く取り、また定期的な換気、消毒を徹底しております。リオンドール神明通り店様駐車場となりです。お買い物の合間やリフレッシュにもご利用ください。
・日替わり弁当は晩酌のおつまみにもおすすめです。",福島県会津若松市中町4-16 福西本店奥の蔵,0242-93-7500,0242-93-7500,,37.4973069,139.9273955
飲食,なぬか町茶房 結,もちボックス【一般消費者向け】,"お餅のお弁当のテイクアウトを始めました。もちボックス（もち3種＋おかず）650円税込好きなお餅をお選びください。（豆腐・あんこ・くるみ・ごま・きなこ・ずんだ・黒蜜）レンジ対応容器になっております。その他、お餅1個160円税込～、6個入1,000円税込、9個入1,200円税込のテイクアウトもございます。","基本、前日までの予約で当日11時より店頭にてお渡しいたします。
営業時間：10:00～17:00 火曜日定休日",コロナウイルス感染症の影響で、外出自粛されている方々に、少しでも楽しんで食事をしていただければと思います。,福島県会津若松市七日町1-28,0242-23-7302,0242-23-7303,,37.4988734,139.9248695
飲食,(有限会社）本丸茶屋,宅配のお弁当、オードブル等 復活いたしました！【一般消費者向け】,"テイクアウトのお任せ弁当500円～
ただし、５個以上は前日にご連絡下さい。
オードブルは金額に合わせてご用意いたします。（2,000円～）
当店名物ソースかつのお弁当もご利用下さい。（1,050円）
お弁当には、お味噌汁をお付けしております。","５個までのお弁当なら当日１０時までご連絡ください。
ただし、配達を伴わないご注文であれば、当日何時でも受付いたします。
５個以上のご注文は、前日までに宜しくお願いいたします。
営業時間１０時～１６時","お城の北口にあります本丸茶屋です。
観光客が皆無の状態になってしまいました（泣）
じっともしていられず、以前行っていましたお弁当・オードブルのテイクアウト・宅配のお弁当を復活いたしました！
是非ともご利用下さい！",福島県会津若松市追手町4-1,0242-26-2139,0242-26-2139,,37.4891469,139.9313576
飲食,レストラン ラ レゾン,お持ち帰りお弁当【一般消費者向け・業務用（どちらでも可）】,"・ローストビーフ弁当 ￥850（税込み）
・米沢三元豚グリル弁当 ￥850（税込み）
・グリルチキン弁当 ￥850（税込み）
・特製オードブル￥ ￥4280（税込み）から","店舗販売（11：30～14：00 18：00～21：00）
直接来店して出来上がるまで店内でお待ち頂くか、駐車場でお待ち頂いてもかまいません。お車までお届けいたします。
お電話、メールでのご予約も承ります。",外食や宴会が自粛となり、ご自宅や職場で召し上がれるテイクアウトメニューを作りました。普段当店のランチでお出ししているメニューをテイクアウトで表現致しました。この機会に是非ご利用ください。,福島県会津若松市西栄町7-21,0242-93-6355,0242-93-7792,http://la-raison.net/,37.495318,139.9267718
飲食,ホテル いづみや,いづみや特製お弁当・折詰【一般消費者向け】,"季節やその日の食材によって中味が変わります。手作りのお弁当・折詰です。ご予算・内容等のご希望があればお伺い致します。気軽にお問い合わせください。
【お弁当】￥1,000(税別）～",ご予約制でございます。ご予約は、お電話又はFAX（9時～17時）にてお受け致しております。,ご宴会等の自粛が続いておりますが、そんな中でも、一人でも多くの皆様に、当館のお料理を召し上がっていただけたらとい思い、心を込めて作っております。「改まったお席は、設けられないけれど…」なんて時に、是非ご利用下さい。どうぞ宜しくお願い致します。,福島県会津若松市南千石町6-35,0242-27-5538,0242-38-2818,,37.4914361,139.9456184
飲食,ひょうたん駒,刺身定食ランチ【一般消費者向け】,"刺身定食ランチ \900(税込)
生寿司あらいそ \1100(税込)
生寿司うしお \1700(税込)
おやじおまかせ \2000(税込)
ひょうたんちらし \1900(税込)","営業時間11:00～22:00
ランチ営業時間11:30～14:00
ランチ以外は出前いたします
注文の際はコロナ新サービスと御注文ください。","コロナウイルスで自宅で過ごされる方が多いかと思います。
美味しいお寿司食べて頑張りましょう。
出前いたします。",福島県会津若松市桧町4-5,0242-27-1133,,,37.5013312,139.9438321
飲食,すし万大将,お持ち帰り専用特別メニューをご用意しました！【一般消費者向け】,"【生にぎり寿司（5人盛）】6,500円（税込）※1人前より調整いたします。
【オードブル（5人前）】5,500円（税込）
【煮魚弁当】980円（税込）
【焼魚弁当】980円（税込）","事前にお電話にてご予約ください。
お取り扱い時間 午前11時から午後7時・不定休","お持ち帰り専用特別メニューをご用意しました！
是非ご利用ください！",福島県会津若松市町北町藤室字達摩162-2,0242-22-1980,,,37.5170124,139.9130951
飲食,野菜レストラン ポタジエ,無添加ランチボックス、オードブルのご案内【一般消費者向け・業務用（どちらも可）】,"無添加ランチボックス￥１０００（税込）～/デザート3種￥３００（税込）
￥４０００以上ご注文でデリバリーします。
オードブルは￥4,320（税込）でこちらはお持ち帰りとなります。
詳しくはホームページをご覧ください。","11時15分～12時15分の間　
ポタジエより3キロ圏内",コロナウイルスの影響により、自宅で過ごされる方が多いかと思います。野菜レストランポタジエでは、無添加ランチボックス、及びオードブル、パスタ、ピザの配達を行います。会津のとれたて野菜をたっぷり使った、食品添加物無しの料理をぜひ、お楽しみください。,福島県会津若松市一箕町八幡字牛ヶ墓14-1,0242-93-8404,0242-93-8404（24時間受付）,http://potager-aizu.com/,37.504225,139.947834
飲食,割烹 萬花楼,萬花楼 天丼始めました。【一般消費者向け】,老舗割烹萬花楼の裏メニューとして、昔からありました天丼をこの度テイクアウトとして新サービスを始めました。季節やその日によって天丼の中身も変わります。,当面の間、お店は不定休になっております。お店が休みの場合はテイクアウトも休みになりますので、大変お手数ですが必ずお電話にてご確認をお願いいたします。,"前日の夕方までのご予約で、当日11時半より当店にて受け渡しになります。注文は１つからでも大丈夫です。天丼は１，０００円（税込）になっております。宴会等が自粛になりましたので、少しでも皆様に当店のお料理を手軽に味わっていただければと思い、テイクアウトのサービスを始めました。
是非ともご利用ください！",福島県会津若松市東栄町10-6,0242-27-4567,0242-29-0476,https://mangerou.com/,37.4939246,139.9332741
飲食,あいづ伝統郷土料理 祥,季節の食材を使ったお弁当のご注文承っております【一般消費者向け】,"＜季節の食材をふんだんに使った手作りのテイクアウト弁当＞
1,000円
（内容は季節によって異なります。詳しくはお問合せください）","お電話でご注文ください。
営業時間：昼／11：00～15：00 夜／17：00～",中央通りからすぐ、民家を改装した和の空間で会津の伝統郷土料理をはじめ、ランチなども好評です。コロナウイルス感染症の影響をうけ、外食を控える傾向にありますが、当店ではお持ち帰りのお弁当のご注文を承っております。手作りの優しい会津の季節の味をどうぞご自宅で、ご家族皆さまでご賞味ください。,福島県会津若松市中央一丁目5-42,0242-32-2556,,,37.5003413,139.9314693
飲食,香彩食房ハジャイ,学生限定ランチ５００円！！！！【一般消費者向け】,期間限定！！学生限定でランチメニューを、税込５００円～より提供いたします。本場タイの料理を、是非ご賞味ください！！,店舗販売（11:00～14:00 *ランチタイムのみ）,学生さんのランチや、お子様連れのパパさん、ママさん大歓迎です！！　ぜひご利用ください！！,福島県会津若松市栄町1-20 會津商人館1階,0242-23-7890,,,37.495732,139.9283111
飲食,ルネッサンス中の島,中の島特製テイクアウトをご利用ください【一般消費者向け】,"折弁当（煮込みカツ入りで、ご飯若しくは稲荷寿司とのり巻）2,000円から
洋風弁当（ピラフ）1,500円
中華風弁当（炒飯）1,500円","店舗受注で、電話は９：００～２０：００、FAXは２４時間受け付けております。
尚、ご注文は４日前までご連絡下さい","外でのお集まりが難しい今、少しでもお客様のお役に立てるよう、当館では仕出し折弁当を用意させて頂きました。
併せて元祖煮込みカツ丼の店なかじまの「出前」、「テイクアウト」承っております。
お気軽にお問合せ下さい。",福島県会津若松市上町2-38,0242-24-5151,0242-22-6662,http://www.nakanoshima-aizu.jp/,37.4975235,139.9331675
食品,有限会社 中村豊蔵商店,そば道具 家族団らんセット【一般消費者、業務用】,4～8人前目安（500g～1kg）です。そば粉も1kgついています。,ホームページよりお申し込みください。,家の中でも本格的な蕎麦打ちができるそば道具セット。家族みんなで楽しめるようこのネーミングにしました。初めての人にでもできるよう「やさしいそば打ち本」もついています。家族みんなの笑顔が増えるよう楽しみながらそば打ちをしてみませんか？ステイホーム応援価格にて販売中。,福島県会津若松市一箕町八幡坂下甲1402,0242-22-1554,0242-24-4105,http://www.toyozo.com/,37.506294,139.954798
食品,会津丸善水産株式会社（加工センターアピオ内）,特別企画！夏の思い出に。ご馳走！海鮮ＢＢＱセット！【一般消費者向け】,"【海鮮ＢＢＱセット】
　特別店頭販売！１セット 3,500円（税抜）。クール便ご利用の方は、プラス1,500円。（代金引換）
　セット内容＝マグロのカマ １本、有頭ＢＴエビ ５尾、片貝ホタテ ５枚、ツボ抜きイカ ５尾 以上。（全て冷凍品です。）","店頭販売（事前予約のみ）、※事前予約・受け渡し時間は、９時～１３時迄となります。（定休日＝水曜、日曜）
　尚、在庫が無い場合もございます。予めご了承ください。",コロナウイルスの影響で、自粛されている方が多いかと思います。皆様が少しでも元気になるように、、、お庭でＢＢＱを家族で楽しめればと想い企画を致しました。是非ともこの機会にご利用ください。その他ご要望等があれば、お気軽にご相談ください。心よりお待ちしております（＾＾）,福島県会津若松市インター西51,0242-23-1600,0242-23-1601,http://www.ht-net21.ne.jp/~amaruzen/,37.523231,139.913399
食品,食ぱん道 会津若松店,宅配サービス【一般消費者、業務用】,"食パン１０斤以上の注文で配達サービスします。（市内のみ）
☆市外のお客様は、ご相談ください。","・配達日：月～木
　☆配達希望日前日の１２：００までにご連絡ください。
・配達時間：１５：００（多少前後します）",焼きたて食パン配達サービスはじめました。,福島県会津若松市徒之町4-29,0242-93-8083,0242-93-8083,,37.491773,139.939967
食品,そば処和田,テイクアウト（持ち帰り）【一般消費者向け】,"十割生そば通常150g 548円（税込）のところ180ｇ 500円（税込）で提供、またカツ丼通常1,080円（税込）のところ、800円（税込）で提供しています。",前日まで電話かFAXにて注文承ります。,緊急事態宣言がだされる中、皆さん大変な日々をお過ごしと思われます。不要不急の外出制限、三密を避ける、飲食店も該当しますので当店もテイクアウトを初めました。ご利用くださますようお願いします。なお4月28日～5月6日まで臨時休業といたします。,福島県会津若松市和田2-2-9,0242-28-1001,0242-28-1002,http://www.wada-soba.net/,37.498833,139.950704
食品,民芸の館 松良,弊社オリジナル生チョコ餅 10個入り【一般消費者向け】,"松良オリジナル生ちょこもちを特別販売します。
通常10個入300円が200円です（消費税込み)
生チョコを柔らかいお餅で包んでおり、子供から年配の方まで人気商品です。
10個以上購入で発送も致します。（送料一律￥500）","店舗販売（営業時間10:00～16：00）
お電話やFAXの注文も受け付けております。","店頭で在庫処分セールを行います。皆様のお越しをお待ちしております！
コロナ感染拡大の影響を受け、観光客減によって、在庫を抱えてしまいました。
本来なら修学旅行生に大人気の商品です！",福島県会津若松市飯盛3-15-33,0242-24-2503,0242-24-6223,http://matsuyoshi.pupu.jp/,37.5040133,139.952174
食品,ホームベーカリーコビヤマ,野菜のパンはじめました【一般消費者向け】,契約農家と新たに、会津野菜を使ったパン,来店による販売,毎日、朝7：00からオープンしています。天然酵母を使って作った体に優しいパンを作っています。,福島県会津若松市山見町307,0242-22-1898,0242-22-1898,http://kobipan.com/,37.5067513,139.9441385
食品,會・マチエール matiere,SDGs、TAKE OUT BOX 詰め放題、BOX再利用【一般消費者向け】,"（1）TAKE OUT BOX詰め放題 14：00～16：30 ご来店のお客様対象
　1.ＢＯＸに収まる分を10％OFF
　2.お客様ご本人に組み立てていただきます。
　3.2回目以降、再利用ご持参ご使用で15%OFF
（2）3日前以上2,000円のご予約のお客様で、マイバックとパンを入れる袋の最小化にご協力いただけるお客様には15％OFFします。追加購入も15％OFFです。
（3）常時特典2日前以上1,500円のご予約でささやかではございますが、『会津の食材』入りのパン１つプレゼント","店舗販売（営業時間10：00～17：00、休日 木曜日・不定休あり）
営業時間内TEL、または會・マチエールフェイスブック、メッセージにて24時間受付","会津伝統野菜をはじめ、「会津の食材」をふんだんに提案します。
低温長時間発酵（一晩熟成）製法にこだわっております。
栄養価が豊富な食材を利用し、子供たちにも喜ばれるパン作りを目指しています。",福島県会津若松市門田町大字飯寺字村東36-4,0242-23-8713,,https://aimatiere.com/,37.4805829,139.9084734
食品,（株）松本家,無料お届けサービス【一般消費者向け・業務用（どちらも可）】,"会津若松市内中心部にお住いの方に無料お届けサービス。松本家の羊羹を2,000円以上お買い上げで直接お客様にお届けいたします。ご自宅・職場どちらでもお届け可能です。（※中心部以外のお客様は要相談とさせていただきます）",前日までに電話にてご注文をお願いします。(営業時間内のみ受付)お日にち指定は可・お時間指定不可。お届けは時間は午前中（９時～１２時の間）となります。（その日の配達状況で前後する場合もございます）在庫がない場合もございます。予めご了承ください。,コロナウイルスで外出を自粛されている方や、時間や移動手段がなく東山温泉に買いに来れない方へのお役にたてればと思いこのサービスを始めました。ご贈答用やお茶菓子としていかがでしょうか。よろしくお願いします。,福島県会津若松市東山町大字湯本居平１２３,0242-27-2009,0242-27-2119,https://yokan.jp/,37.478124,139.962812
食品,有限会社 会津地鶏みしまや,三島町産会津地鶏セット【一般消費者向け】,"＜会津地鶏おためしセット＞
　通常価格5,500円→特別価格4,500円(送料・税込)
　　もも・むね・手羽先・手羽元　総重量1.3kg以上
＜会津地鶏堪能セット＞
　通常価格10,300円→特別価格8,000円(送料・税込)
　　もも・むね・ささみ・手羽先・手羽元　総重量2.9kg以上
沖縄・離島へ発送の場合は送料別途、代引き手数料別途(税込330円)","お電話での注文受付は9：00～17：00
FAX・メールの注文は24時間受け付けております。","新型コロナウイルスの影響で注文が激減しております。
外食や宴会を控えている方に特別価格で販売いたします。
この機会にご自宅で会津地鶏を食べませんか？
味にこだわり、鮮度にこだわり、歯応えにこだわった会津地鶏をご堪能下さい。
よろしくお願いいたします。",福島県大沼郡三島町大字宮下字上ノ原2098-3,0241-48-5860,0241-52-3288,http://www.aizujidori-mishimaya.com/,37.467652,139.6370453
旅行・宿泊,会津鉄道株式会社,大内宿共通割引きっぷ【一般消費者向け】,"会津でも有数の観光地『大内宿』（福島県下郷町）へ行くのに大変お得な切符です！
大内宿の最寄り駅である湯野上温泉駅までの乗車券と、 湯野上温泉駅から大内宿までをつなぐレトロバス猿游号（さるゆうごう）乗車券がセットとなります。
会津若松、会津田島方面からそれぞれ2,200円でご利用頂けます！",会津鉄道各有人駅または、列車車掌からお買い求めください。,"≪西若松駅（会津若松市）から乗車した場合≫
西若松駅⇔湯野上温泉駅 往復1,720円
猿游号 1日フリー乗車券1,000円　計2,720円
これが「大内宿共通割引きっぷ」だと・・・
鉄道とバス合わせて2,200円になります！（なんと520円もお得です！）",福島県会津若松市材木町一丁目4-1,0242-28-4666,,http://www.aizutetsudo.jp/,37.4860145,139.914105
製品,第一通信工業株式会社,UVC（深紫外線）照射装置の販売【業務用】,"高出力で広範囲をカバーできるUVC照射装置を販売することになりました。
本製品はモーションセンサー付きで安心の設計に加え、床置き、壁掛け、三脚に取り付けての使用が可能です。
使用場所の範囲に合わせて2種類のラインナップがございます。
・UVL72 … \85,000/台
・UVM216 … \285,000/台","受付時間 8：30～17：30
FAXやE-mailのお問合せは24時間受け付けております","新型コロナウィルスの感染予防に様々な対策を実施されているところと存じますが、この機会に是非ご検討ください。
宜しくお願い致します。",福島県大沼郡会津美里町小沢字清水久保2-5,0242-85-7633,0242-85-7679,,37.517321,139.805271
製品,有限会社 田中印刷,感染防止対策に！使い捨て「マスク入れ」【業務用】,"紙製のマスク入れです。サイズ：横210×縦120㎜
・500枚：4,000円
（価格は税別です）
名入れ印刷別途承ります","営業時間 平日８：３０～１７：３０（土・日・祝休み）
営業時間内であればお届けします。
お電話、FAX、メールにてお問い合わせ下さい。",現在、飲食店様へご来店されるお客様の多くはマスクを着用していると思います。お食事の際にはずしたマスクの置き場所にご利用いただき、感染防止対策の一つとしてお使いください。,福島県会津若松市湯川町3-79,0242-27-5225,0242-26-0127,,37.489033,139.920448
製品,合名会社 関漆器店 本店,飾り皿 アマビエ赤べこ,"1枚：￥1,300（税込）
サイズ：φ13.5㎝
皿立付","店舗販売：本店・七日町店
当社ホームページより","コロナウィルスの影響は計り知れないものがあります。
この度下記の商品を発売することになりましたのでご案内申し上げます。
「アマビエ」は、日本各地で古くから伝えられている半人、半魚の妖怪で、その姿を見ると疫病が鎮まると言われているものです。
「赤べこ」はご存じのとおり、会津地方に天然痘が流行した時に、赤べこの人形を持っていた人は病気にかからなかったとの事です。
そこから病気を防ぐ「赤べこ」と言われて居ります。
この度そのアマビエと赤べこを合体させた（アマビエ赤べこ）を誕生させ、それを飾り皿として発売することとなりました。
必ずや、厄病、疫病を退散させることが出来るでしょう。",福島県会津若松市中央1丁目4-12,0242-25-0151,0242-22-5461,http://www.aizu.ne.jp/seki-sikki/,37.499703,139.929966
製品,合名会社 関漆器店 七日町店,飾り皿 アマビエ赤べこ,"1枚：￥1,300（税込）
サイズ：φ13.5㎝
皿立付","店舗販売：本店・七日町店
当社ホームページより","コロナウィルスの影響は計り知れないものがあります。
この度下記の商品を発売することになりましたのでご案内申し上げます。
「アマビエ」は、日本各地で古くから伝えられている半人、半魚の妖怪で、その姿を見ると疫病が鎮まると言われているものです。
「赤べこ」はご存じのとおり、会津地方に天然痘が流行した時に、赤べこの人形を持っていた人は病気にかからなかったとの事です。
そこから病気を防ぐ「赤べこ」と言われて居ります。
この度そのアマビエと赤べこを合体させた（アマビエ赤べこ）を誕生させ、それを飾り皿として発売することとなりました。
必ずや、厄病、疫病を退散させることが出来るでしょう。",福島県会津若松市七日町3-36,0242-85-7211,0242-85-7211,http://www.aizu.ne.jp/seki-sikki/,37.500299,139.920773
製品,きものべんりや としの坊,「しあわせクーポン」発売開始【一般消費者向け】,"当店の御買物に御利用出来る「しあわせクーポン」を発売致しました。
\10,000で内容は\12,000分です。
御買物やお着物のクリーニングなどのお手入れ、レンタルなど様々な使い方が可能です。
クーポン御買い上げの方には当店オリジナルの「さすけね手拭い」をプレゼント！",店頭販売が原則ですが、お電話やメールでの販売も致します。,"おしゃれな着物や帯はもちろん、当店ならではの小物も人気です。
オリジナル会津木綿グッズの「会津木綿ハンチング」や「会津コットンスニーカー」をはじめ、様々な会津木綿商品が多数御座います。",福島県会津若松市七日町8-12,0242-22-9363,0242-22-9363,http://www.toshinobow.com/,37.500008,139.922868
製品,ギフトプラザ会津店,アフターコロナへ向けて 生活と絆繋ぎの応援をしています！【一般消費者向け】,"外出自粛となりましたが、それでも絆を繋いだ方から遠方より御祝や御香典、御供養料が届きます。画像のカタログギフトをはじめ、ギフト各種取り扱っておりますので、お返し物の発送はぜひ御用命ください。
また、不織布マスクを3日は長持ちさせる除菌・消臭ミラクリーンもご好評いただいております。",店舗営業時間１０：００～１９：００の短縮営業。ＴＥＬ、ＦＡＸ、ＬＩＮＥでのご注文も承っております。（ＬＩＮＥは公式から）配達は市内無料。ご来店受け取りは、入り口チャイムで、駐車場お渡しも対応しております。お支払いは、現金、nanaco、クレジット、PayPayでお選びいただけます。,日本の贈答文化は、五穀豊穣の祈願や感謝の御供から、繋がる人への感謝を込めて贈るものへと発展してきました。冠婚葬祭の催しも短縮の時期ですが心を形にして贈ることは大切にしましょう。明るい笑顔の未来のために。,福島県会津若松市インター西106,0120-923-177,0242-22-0051,,37.519983,139.91501
製品,有限会社大善屋呉服店,空間清浄器 j.air(ジェイエア)【一般消費者・企業・医療機関・公共施設など】,"j.airは独自技術により、12.5㎝四方の小型機械から多量のマイナスイオンと低濃度のオゾンを発生させています。
※オゾンは人体に一切害のない低濃度で発生します。
①マイナスイオン…チリやホコリ、花粉などのアレルギー物質を無害化し強力に除塵します。
②オゾン…空気中の浮遊菌だけでなく、ドアノブやカーテンなど家財道具の付着菌まで除菌します。更に、オゾンの脱臭効果により悪臭の素も分解します。
③マイナスイオンとオゾンを併用させることで10倍の殺菌効果があることが実証されています。これまでの実験で、インフルエンザやノロウィルス、カビ菌など各種細菌を短時間で99.9％除菌できることが分かっています。
④ｊ.airには一般の空気清浄機にあるファンやフィルターがありません。そのため稼働音がとても静かで、機械のお手入れも簡単です。更に、終日稼働しても一ヶ月の電気代は80円程度しかかかりません。","□販売方法：ご注文を頂いてから取り寄せます
□受付方法：店頭またはお電話にて随時受付
□受付時間…10：00～19：00（定休日：毎週水曜日を除く）
※現在、全国的に予約が集中しており、ご注文を頂いてから１ヵ月先の納期になる予定です。気になる方はお早めにお問い合わせの上ご検討頂ければ幸いです。",もともと着物の保管部屋の臭いやカビ防止のために購入したものでしたが、これからの世の中にうってつけ製品だと思い、この度ご紹介に至りました。もちろん初期費用はかかりますが、性能や長い目で見れば非常に優れた製品です。商品詳細に関してお伝えしきれない点もありますので、ご興味のある方はぜひ店頭またはお電話にてお気軽にお問い合わせ下さいませ。※当店内も常に稼働し空間清浄中です！,福島県会津若松市大町一丁目1-53,0242-27-0404,0242-27-0405,https://daizenya-kimono.com/,37.498385,139.927357
製品,marusa,デリバリーサービス始めました！【一般消費者向け】,"外出を控えているお客様への新サービス！
当ブログで気になる商品をご自宅へお届けいたします。
ご自宅でお持ちのお洋服と合わせてご試着下さい。
【条件】
・会津若松市在住の方（他地域の方はご相談下さい）
・商品は５点以内
・期間は１泊２日
・試着後、購入なしでもOK
・お支払いは現金のみ",通販もお受け致します,"神明通り商店街、東邦銀行向かいのマルサという洋服屋です。
４０代からの女性を対象に普段着からフォーマルまで幅広く取り扱いしております。
「会津 マルサ」で検索してみて下さい！",福島県会津若松市中央1-1-20,0242-27-2187,0242-28-2334,http://marusa.blog.jp/,37.497936,139.928729
製品,イナムラ物産,千波フリーカップ 黒内朱（耐熱・電子レンジ・食洗器対応）【一般消費者向け】,"人気のガラス製品です。実寸直径6.3×9.7、(漆＋ウレタン塗装) 上代5,600円(税抜き)
ホームページを見て頂いた方へ3,920円(税抜き) で販売させて頂きます。(どちらか単品は、1,960円 税抜き)","弊社販売（営業時間10:00～17：00、日曜祭日休）
FAXやe-mailの注文は24時間受け付けております。会津若松市内はお届け出来ます。(それ以外輸送も出来ますが運賃用別途です)",新型コロナウイルスの影響で、売り上げ減少に歯止めがかからず、経営難 となり、仲買として協力会社さんへも発注することも出来ずお互い大変困っております。それぞれの生活を守るためホームページ販売をさせて頂く事となりました。そんな時だからこそ「家庭生活に潤いを」御自宅で器などで楽しんで頂ければと思います。よろしくお願い申し上げます。,福島県会津若松市北会津町水季の里100,0242-58-0236,0242-58-0237,,37.4778592,139.8922099
製品,ＭＵＳＩＣ ＰＬＡＺＡ 白水堂,代引き宅配サービスを始めました,"楽器・楽譜・アクセサリー等　弊社取り扱い商品
（一部大型楽器は除きます）","事前にお電話にてお問合せ下さい。
ご注文は、ＦＡＸにてお願いします。（１０：００～１８：００）
折り返し、見積書（商品代、代引き手数料、送料）・納期等をご連絡します。",,福島県会津若松市米代2-2-5,0242-36-6601,0242-36-6388,http://blog.livedoor.jp/mph/,37.4856076,139.9259843
製品,有限会社　会津クラフト,千波フリーカップ　黒内朱　（耐熱・電子レンジ・食洗器対応）【一般消費者向け】,"通常価格1,300円/pcsのところ、下記の特別価格で提供させて頂きます。
（3Ｐ）1,600円・（5Ｐ）2,100円・（１Ｐ）650円の価格で500個限定とさせて頂きます。
3個、5個入の進物用ケース入りの時は200円アップとなります。
サイズ：（直径8㎝×高さ12㎝）　重量：100ｇ　1個バラ","社会営業時間
10：00～17：00　日礼祭日休
ＦＡＸ、メールの注文は24時間受付",コロナ騒動による消費動向の急激な変化の為、売上ダウンにブレーキがかかりません。そんな折、家庭で美味しい飲み物を手軽にホット焼酎、燗酒など電子レンジでチン又は冷で憩いのひと時にお使い頂ければ幸いです。軽くて割れない、今流行りの新しい感覚の器です。よろしくお願いします！,福島県会津若松市和田2丁目3-43,0242-26-1740,0242-26-2310,,37.4993678,139.9514949
製品,オリジナルプリントショップSashimaya,アピール缶バッジ【一般消費者向け】,"新型コロナウイルスの感染拡大による影響で、せきやくしゃみに対する警戒心が強まる中、どうしても出てしまうセキやくしゃみで肩身の狭い思いをされている方へ、周囲の方に誤解されないように「うつりません」とアピールする缶バッジです。
1個330円（税込）です。","●店舗での販売
　営業時間　9:00～17：00
●楽天市場での販売","おなじみの起き上がりこぼしをモチーフに作成しました。
無病息災、家内安全の意味合いもあるので、お守り代わりに身につけていただければ幸いです。
英語版など、他にも種類は豊富に取り揃えております。",会津若松市中央1-2-4 1F,0242-24-0405,0242-22-2144,https://sasimaya.com/,37.4981202,139.9302642
サービス,みとみライセンスアカデミー 会津若松校,,"【Web講座無料】※通常時有料。１～６万円相当
　通学しなくてもパソコンやタブレットで講義を受講できるWeb講座を無料サービス中です！
　Web通信と通学を併用して効率的な学習ができます。
【受講料１０％OFF】
　全講座対象で受講料１０％OFFでご提供させていただきます！","開校時間（火～金）9：00～20：50　（土～月・祝）9：00～18：00
※上記の日時内でお好きな時に受講できます。
※受講相談、体験受講も随時承っております。","情勢に変化が訪れる時、資格は大いに役立ってくれます。
就職、転職にはもちろん、会社内での評価の向上にもきっと役立ってくれるはずです！
一緒に資格取得、公務員合格を目指しませんか？
経済的負担が軽減されるお得なキャンペーンをご用意してお待ちしております！
まずはお気軽にご相談ください!!",福島県会津若松市幕内南9-10,0242-85-6700,0242-85-6701,https://www.mitomi-gakuen.com/la/,37.483629,139.904352
サービス,株式会社マイナビ,求人掲載を1週間無償提提供,アルバイト募集を行う企業へ求人掲載を1週間無償提供させて頂きます。,,"同社が実施するアルバイト求人メディアの『マイナビバイト』では、新型コロナウイルスが収束に向かい、企業や店舗がすぐにでも事業を再開できるよう環境整備の支援を行うべく、アルバイト募集を行う企業へ求人掲載を1週間無償提供させて頂きます。
お気軽にお問い合わせください！",福島県郡山市駅前2-10-15 三共郡山ビル北館4階,024-991-6643,024-991-6638,https://baito.mynavi.jp/fukushima/,37.400305,140.387658
サービス,株式会社 内藤塗装 [福島県知事許可(般-31)第30225号],笑顔応援キャンペーン！塗り替え１０％引き！【一般消費者向け】,"屋根・外壁などお家の塗り替えなんでも【１０％引き】にて施工させていただきます。
不動産をお持ちのオーナー様もアパート等の塗り替えも【１０％引き】致します。
他にも内部塗装（廊下・階段など）や塗布防水（ベランダ等）も施工いたしますのでお気軽にお問合せください。
業者様からのご依頼もお待ちしております。","[営業時間]月～土 8時～17時（日曜休み）
見積もり無料です。ご依頼は電話またはメールにてお問合せください。","こんな大変な時だからこそ、笑顔で乗り切るために応援キャンペーン【塗り替え１０％引き】！
国家検定一級塗装技能士の施工技術をぜひこの機会にご利用いただき、地元の皆様のお役にたちたいと思っています。
ぜひ、ホームページもご覧ください。",福島県会津若松市門田町黒岩字大坪215,0242-85-6449,0242-85-6099,http://naito-tosou.com/,37.473023,139.932111
サービス,会津交通（株）,その「お弁当」や「お薬」、タクシーで配達します【一般消費者向け】,"タクシー乗務員が（お客様がご注文のお弁当）やお薬（薬局様から患者さんに）運送お届けするサービスを始めます。
ご負担＝運送料金￥500円　+（お品物代金）",店舗を指定して、電話にて下記要件をお伝え下さい（名前・配達希望日時・住所・連絡先・お弁当予約店舗）,"＜お弁当＞
1.当社にて店舗様にご依頼主名のお弁当と個数を確認します
2.お弁当を店舗から引き取り、代金は当社にて代理支払い致します　
3.乗務員が職場やご自宅へお伺いし、お弁当をお届け致します
★注）お弁当配達先と注文店舗は、1店舗のみとさせて頂きます
★注）受付時間　9時　～　18時（19時サービス終了）、弁当２個からＯＫ　　
★注）配達可能エリア外は、お引受できない場合もあります
＜お薬＞
薬局様が当社にお電話頂き、お届け先をＦＡＸにてお伝え下さい。
（ＦＡＸ：0242-26-6699）",福島県会津若松市東栄町1-83,0120-54-6700,0242-26-6699,http://aizutabinet.co.jp/wakataku/index.html,37.491666,139.930442
サービス,株式会社 悠（はるか）,こんなご時世なので、皆様の生活のサポートをいたします！,"様々な理由から、外出できなかったり、手伝ってくれる人がいなかったりと困っていることが増えてきていると思います。
そのような方々のために（株）悠のスタッフは立ち上がります！
どうぞご用命ください！！","営業日：月曜日～金曜日
営業時間：9：00～17：00
サービス最終受付時間：16：00
※要予約：9：00～17：00（2日前からご予約可能です）","株式会社 悠は、お子様から年配の方までの健康・生活を支える会社です。
自費の訪問看護・介護・居宅保育事業の他に、どなたでもご利用できるように買い物代行、家事手伝いのサービスを始めます。
悠のホームページも、どうぞご覧ください",福島県会津若松市白虎町176番地6,080-8712-9355,0236-06-5382,http://nagominosora.com/,37.5069417,139.9357761
サービス,株式会社シンク,ふくしま先腹い応援団【一般消費者用/業務用】,ふくしま先腹い応援団Ｗｅｂサイトにて、福島県内の飲食店・宿泊施設に対する先払い型各種支援チケットを販売しております。,ふくしま先腹い応援団Ｗｅｂサイトにて24時間販売しております。,"ふくしまの町の灯りを消さないため、地域の飲食店・宿泊施設の皆様を支援するために本サイトを立ち上げました。Ｗｅｂサイトをご覧くださる皆様、なくしたくない地元のお店の方たちをどうかご支援ください。
そして、地域の飲食店・宿泊施設の皆様、ぜひご参加ください。",福島県会津若松市インター西105番地,0242-37-0123,,https://www.fukushimaken.online/,37.5203282,139.9149612
サービス,有限会社イメージ・クリエーション,ユーチューブ・ライブ配信を応援キャンペーン価格で提供。【一般および企業・行政】,"発表会・イベント・卒業式・入学式などの開催を検討している方を応援！
ユーチューブ・ライブ配信を応援キャンペーン価格にて実施します。
（50,000円税別）通常は200,000円～300,000円のところ。","※配信は2時間以内、ネット環境（光回線）がある場所。
※対象エリアは、会津地方、中通地方
※交通費などの経費は別途となります。
※実施期間は、感染が終息するまで",新型コロナウィルスの感染拡大の防止対策により、イベントやセミナー、学校行事などの多くが中止に追い込まれています。今まで練習した成果を残したい。晴れの姿を両親、おじいちゃん、おばあちゃんに見てほしい。そんな方々の力になれたら、また、研修・セミナーなど企業活動にもお役に立ちたい、そんな思いでキャンペーンを開催します。,福島県会津若松市宝町5-12,0242-28-8320,0242-28-8325,https://www.aizu-city.net/imekuri/,37.4883847,139.9437082
サービス,旅工房あいづ株式会社,コワーキングスペースKOBO【一般消費者向け】,"【利用料】
　午前9:30～12:30（３時間）＠1,000円
　午後13:30～16:30（３時間）＠1,000円
　電気、Wi-Fi利用OK、冷暖房完備
【オプション】
　白黒印刷１０円　カラー印刷４０円
　白黒コピー１０円　カラーコピー５０円","営業時間 平日９：００～１７：００（土・日・祝不定期休み）
お電話、メールにてお問い合わせ下さい。
土・日・祝日ご利用希望の方はご相談下さい。","この度、社内をリフォームいたしまして「コワーキングスペース」を開設いたしました。
kobo（コボ）という愛称でお気軽にご利用下さい。
東京方面の旅行は決まったけど何見ようかな・・・宿は取ったけど、どこかいいとこ無いかな・・・北海道のモデルコース無いかな・・・などなど個人旅行の計画の場としてもお使いいただけます。全国各地の旅行資料を取り揃えております♪
ビジネス利用の場として大歓迎！
趣味・サークル活動の場として大歓迎！
学生の勉強の場として大歓迎！

ご利用者の方の声にて『使いやすい』『あって良かった』というスペースにしていきたと思っておりますのでご意見等もお待ちしております。

提携飲食店からの食事手配もできます！",福島県会津若松市本町1-33,0242-27-2000・携帯（五十嵐）090-3360-4833,0242-27-2111,http://www.tabikobo0226.com/,37.4920573,139.9218398
サービス,株式会社わーくすたいる,皆さんの”困った”を解決します!!【業務用】,"～わーくすたいるにできること～
・データ入力、伝票入力、伝票整理
・顧客リスト作成、各種文書作成
・パソコン操作支援（Word／Excel）
・電話応対支援
・社長支援",,"・誰かにデータ入力をしてほしい
・事務作業が多すぎてやるべき仕事に専念できない
・時間がなくて領収証の整理ができない
・社員を雇うのはコストがかかる
・求人を出しても応募がない
このようなお困りごとはございませんか？
その他、皆さんの”困った”を何でもご相談ください。訪問しての支援も可能です。",福島県会津若松市大町一丁目1-41,0242-85-6262,0242-85-6514,,37.498811,139.9266294
サービス,NTT東日本,テレワーク、在宅勤務の導入をNTT東日本がお手伝いします,"専門のIT担当者や部署を配置してない企業の皆さまのため、NTT東日本にテレワーク導入のお手伝いをさせてください。
ICTの相談も承ります。","テレワーク相談窓口
【ホームページ】
【電話】0120-765000",情報通信事業者としての「つなぐ使命」を遂行するべく通信インフラの維持に努めております。また、テレワークをはじめとしたICTを活用したこれからの働き方のお手伝い等、皆様のお役に立つための取り組みを進めております。,会津若松市栄町2-4,0242-39-5802,0242-39-5840,https://business.ntt-east.co.jp/content/telework_start/,37.4963078,139.929362